"Date","Pressing period","Application","Title","Keystrokes"
"11.07.2024","00:03:28 - 00:06:20","special:null","KYC Renewal - Pre-filled information not full and steps already completed · Issue #3387 · Feefty/feefty","<META + TAB>"
"11.07.2024","00:06:20 - 00:06:30","slack","Marc-Antoine Fonné (DM) - Feefty - Slack","<META + TAB>"
"11.07.2024","00:06:30 - 00:09:26","special:null","KYC Renewal - Pre-filled information not full and steps already completed · Issue #3387 · Feefty/feefty","<CTRL + TAB>"
"11.07.2024","00:09:26 - 00:12:10","special:null","New Tab","giter base⏎"
"11.07.2024","00:12:10 - 00:12:11","special:null","KYC renewal fixes review · Issue #3268 · Feefty/feefty","<TAB>"
"11.07.2024","00:12:11 - 00:12:12","slack","Marc-Antoine Fonné (DM) - Feefty - Slack","<META + TAB><META + TAB><TAB><TAB>"
"11.07.2024","00:12:12 - 00:12:13","special:null","KYC renewal fixes review · Issue #3268 · Feefty/feefty","Ï"
"11.07.2024","00:12:13 - 00:12:21","electron","RenewalKycVerification.jsx (Working Tree) (RenewalKycVerification.jsx) — feefty","ar eyu ostillt he "
"11.07.2024","00:12:21 - 00:12:38","electron","en-US.json — feefty","<LEFT><ALT + SHIFT + RIGHT><ALT + SHIFT + RIGHT><ALT + SHIFT + RIGHT><ALT + SHIFT + RIGHT><ALT + SHIFT + RIGHT><ALT + SHIFT + RIGHT><META + F><⏎>"
"11.07.2024","00:12:38 - 00:12:54","electron","Step4.jsx — feefty","<META + TAB><TAB>"
"11.07.2024","00:12:55 - 00:18:31","electron","Step4.jsx — feefty","<META + C><META + F><META + V><META + F>"
"11.07.2024","00:18:31 - 00:18:36","electron","updateKycSigner.js — feefty","<TAB>"
"11.07.2024","00:18:36 - 00:18:38","special:null","KYC renewal fixes review · Issue #3268 · Feefty/feefty","<TAB>"
"11.07.2024","00:18:38 - 00:21:32","electron","updateKycSigner.js — feefty","<META + F>.type⏎⏎⏎⏎⏎⏎⏎⏎⏎<META + TAB>"
"11.07.2024","00:21:32 - 00:28:01","telegram","PFO @ Breakpoint | Stoned Apes | PayLeaf @ Phong Ho","<TAB>"
"11.07.2024","00:28:01 - 00:28:03","electron","updateKycSigner.js — feefty","<META + TAB>"
"11.07.2024","00:28:03 - 00:28:03","telegram","PFO @ Breakpoint | Stoned Apes | PayLeaf @ Phong Ho","<TAB>"
"11.07.2024","00:28:03 - 00:28:04","electron","updateKycSigner.js — feefty","<TAB>"
"11.07.2024","00:28:04 - 00:28:05","telegram","PFO @ Breakpoint | Stoned Apes | PayLeaf @ Phong Ho","<TAB><META + GRAVE>"
"11.07.2024","00:28:05 - 00:28:06","electron","VerificationList.jsx — admin","<GRAVE>"
"11.07.2024","00:28:06 - 00:28:08","electron","updateKycSigner.js — feefty","<TAB>"
"11.07.2024","00:28:08 - 00:28:20","telegram","PFO @ Breakpoint | Stoned Apes | PayLeaf @ Phong Ho","<TAB>"
"11.07.2024","00:28:20 - 00:28:20","electron","updateKycSigner.js — feefty","<TAB><META + TAB>"
"11.07.2024","00:28:20 - 00:28:21","telegram","PFO @ Breakpoint | Stoned Apes | PayLeaf @ Phong Ho","<META + TAB><TAB>"
"11.07.2024","00:28:22 - 00:28:27","special:null","KYC renewal fixes review · Issue #3268 · Feefty/feefty","<DOWN><DOWN><DOWN><DOWN><DOWN><DOWN><DOWN><DOWN><DOWN><DOWN><DOWN>†eth"
"11.07.2024","00:28:27 - 00:29:00","special:null","New Tab","reeu msevres⏎"
"11.07.2024","00:29:00 - 00:30:15","special:null","ethereum severs - Google Search","blockchain serverc outnri⏎se"
"11.07.2024","00:30:15 - 00:30:20","special:null","Browse all nodes - ethernodes.org - The Ethereum Network & Node Explorer","<META + TAB>"
"11.07.2024","00:30:20 - 00:30:35","electron","updateKycSigner.js — feefty","<DOWN><DOWN><DOWN><DOWN>q<META + TAB>†"
"11.07.2024","00:30:35 - 00:30:37","special:null","Browse all nodes - ethernodes.org - The Ethereum Network & Node Explorer","git⏎"
"11.07.2024","00:30:37 - 00:30:43","special:null","New Tab","<META + T>g ticommands⏎"
"11.07.2024","00:30:43 - 00:31:20","special:null","git commands - Google Search","<TAB>"
"11.07.2024","00:31:20 - 00:31:21","electron","RenewalKycVerification.jsx (Working Tree) (RenewalKycVerification.jsx) — feefty","<META + TAB>"
"11.07.2024","00:31:21 - 00:31:22","special:null","git commands - Google Search","<META + TAB>"
"11.07.2024","00:31:22 - 00:31:23","electron","RenewalKycVerification.jsx (Working Tree) (RenewalKycVerification.jsx) — feefty","<TAB>"
"11.07.2024","00:31:23 - 00:31:36","special:null","git commands - Google Search","<ESC><META + TAB>"
"11.07.2024","00:31:36 - 00:31:38","finder","RenewalKycVerification","<META + UP><META + UP>"
"11.07.2024","00:31:38 - 00:31:40","finder","account","<UP><UP>"
"11.07.2024","00:31:40 - 00:31:42","finder","app","<UP><META + SHIFT + DOT>"
"11.07.2024","00:31:42 - 00:31:44","finder","feefty","<DOWN><DOWN><RIGHT><DOWN><RIGHT><RIGHT><RIGHT><META + DOWN>"
"11.07.2024","00:32:22 - 00:32:23","electron","RenewalKycVerification.jsx (Working Tree) (RenewalKycVerification.jsx) — feefty","<META + TAB>"
"11.07.2024","00:32:23 - 00:32:26","finder",".git","<TAB>"
"11.07.2024","00:32:26 - 00:32:33","electron","RenewalKycVerification.jsx (Working Tree) (RenewalKycVerification.jsx) — feefty","<META + TAB>"
"11.07.2024","00:32:33 - 00:32:59","finder",".git","<META + TAB>"
"11.07.2024","00:32:59 - 00:34:01","electron","RenewalKycVerification.jsx (Working Tree) (RenewalKycVerification.jsx) — feefty","<TAB><META + TAB><META + TAB>"
"11.07.2024","00:34:01 - 00:36:42","special:null","Feefty/admin","mian<META + ←>rea←lease<META + ←>"
"11.07.2024","00:36:42 - 00:36:45","special:null","Commits · Feefty/admin","<META + TAB>"
"11.07.2024","00:36:45 - 00:36:52","finder",".git","<META + TAB><META + TAB>"
"11.07.2024","00:36:52 - 00:37:00","electron","RenewalKycVerification.jsx (Working Tree) (RenewalKycVerification.jsx) — feefty","gita dd .<META + ←>g ticommit -, ←←m '<META + TAB>"
"11.07.2024","00:37:00 - 00:37:00","finder",".git","<META + TAB>"
"11.07.2024","00:37:00 - 00:37:01","electron","RenewalKycVerification.jsx (Working Tree) (RenewalKycVerification.jsx) — feefty","<META + TAB><META + TAB>"
"11.07.2024","00:37:01 - 00:37:04","finder",".git","<TAB>"
"11.07.2024","00:37:04 - 00:37:05","special:null","Commits · Feefty/admin","<META + TAB>"
"11.07.2024","00:37:05 - 00:37:14","finder",".git","<META + TAB><META + TAB>"
"11.07.2024","00:37:14 - 00:37:15","special:null","Commits · Feefty/admin","<TAB>"
"11.07.2024","00:37:15 - 00:37:17","electron","RenewalKycVerification.jsx (Working Tree) (RenewalKycVerification.jsx) — feefty","<TAB><META + TAB>"
"11.07.2024","00:37:17 - 00:37:31","special:null","Commits · Feefty/admin","<META + TAB><META + TAB><META + TAB><META + TAB><META + TAB><META + TAB><META + TAB><META + TAB>"
"11.07.2024","00:37:31 - 00:38:50","electron","RenewalKycVerification.jsx (Working Tree) (RenewalKycVerification.jsx) — feefty","<META + ←><META + ←>git bran hc⏎qgit checoku t-b 2300<META + ←>git log⏎<META + TAB>"
"11.07.2024","00:38:50 - 00:38:52","special:null","Commits · Feefty/admin","<META + TAB>"
"11.07.2024","00:38:52 - 00:40:21","electron","RenewalKycVerification.jsx (Working Tree) (RenewalKycVerification.jsx) — feefty","qgti lgo⏎qgi tad d,←.<META + ←>git comim t←←t←←←<ALT + ←><ALT + ←><ALT + T><ALT + SPACE><ALT + A><ALT + D><ALT + D><ALT + SPACE><META + ←>"
"11.07.2024","00:40:21 - 00:41:34","electron","en-US.json (Working Tree) (en-US.json) — feefty","gti comi←mit -m 'fix en wdro'<META + ←>git log⏎qtig psuh org←igin<META + ←>gi tb←romtee ⏎v-<META + TAB>"
"11.07.2024","00:41:34 - 00:41:36","special:null","Commits · Feefty/admin","<META + TAB>"
"11.07.2024","00:41:36 - 00:42:19","electron","en-US.json (Working Tree) (en-US.json) — feefty","git rem←m eotadd ←my←ine<META + ←>←git pu hsorgiin ←/32←←←←←←←←←<TAB>"
"11.07.2024","00:42:19 - 00:42:46","special:null","Feefty/admin","2300←←←←←←←←"
"11.07.2024","00:42:46 - 00:43:39","special:null","Compare · Feefty/admin","stage←←←←←←←"
"11.07.2024","00:43:39 - 00:43:41","special:null","Comparing develop...release/2.1.24 · Feefty/admin","<META + TAB>"
"11.07.2024","00:43:41 - 00:43:46","electron","en-US.json (Working Tree) (en-US.json) — feefty","<META + TAB>"
"11.07.2024","00:43:46 - 00:44:35","special:null","Comparing develop...release/2.1.24 · Feefty/admin","<META + TAB>"
"11.07.2024","00:44:35 - 00:44:52","electron","en-US.json (Working Tree) (en-US.json) — feefty","<META + ←><META + TAB>"
"11.07.2024","00:44:52 - 00:44:54","special:null","Comparing develop...release/2.1.24 · Feefty/admin","<TAB>"
"11.07.2024","00:44:54 - 00:45:05","electron","en-US.json (Working Tree) (en-US.json) — feefty","<META + TAB>"
"11.07.2024","00:45:05 - 00:45:09","special:null","Comparing develop...release/2.1.24 · Feefty/admin","<META + TAB>"
"11.07.2024","00:45:09 - 00:45:12","electron","en-US.json (Working Tree) (en-US.json) — feefty","<META + TAB>"
"11.07.2024","00:45:12 - 00:45:15","special:null","Comparing develop...release/2.1.24 · Feefty/admin","<META + TAB>"
"11.07.2024","00:45:15 - 00:45:20","electron","en-US.json (Working Tree) (en-US.json) — feefty","<TAB>"
"11.07.2024","00:45:30 - 00:45:31","special:null","Create userVerification for existing users · Issue #3200 · Feefty/feefty","<TAB>"
"11.07.2024","00:45:31 - 00:45:34","electron","en-US.json (Working Tree) (en-US.json) — feefty","<META + TAB>"
"11.07.2024","00:45:34 - 00:45:44","special:null","Create userVerification for existing users · Issue #3200 · Feefty/feefty","<META + TAB>"
"11.07.2024","00:45:44 - 00:45:51","electron","en-US.json (Working Tree) (en-US.json) — feefty","<META + TAB>"
"11.07.2024","00:45:51 - 00:45:54","special:null","Create userVerification for existing users · Issue #3200 · Feefty/feefty","<TAB>"
"11.07.2024","00:45:54 - 00:46:04","electron","en-US.json (Working Tree) (en-US.json) — feefty","←<META + TAB>"
"11.07.2024","00:46:04 - 00:46:06","special:null","Create userVerification for existing users · Issue #3200 · Feefty/feefty","<META + TAB>"
"11.07.2024","00:46:06 - 00:47:01","electron","en-US.json (Working Tree) (en-US.json) — feefty","g←←git ehcckuo t-b ifx/usre-vericifatino←←←←←←←←←←←←←←←←←←←←←<META + ←>←git lo←←bnarch⏎qgit chcekou t-b 2300-<TAB>"
"11.07.2024","00:47:01 - 00:47:01","special:null","Create userVerification for existing users · Issue #3200 · Feefty/feefty","<TAB>c"
"11.07.2024","00:47:01 - 00:48:10","electron","en-US.json (Working Tree) (en-US.json) — feefty","reeta-userveifircaoitn←←←←←←←←←←←←←←←←←←←←←←←←←←←←←←<META + ←>git pull<META + ←>git add .<META + ←>tig ehcckout b- 243<META + ←>tig add ."
"11.07.2024","00:48:10 - 00:48:19","electron","RenewalKycVerification.jsx (Working Tree) (RenewalKycVerification.jsx) — feefty","ddddd←←←←←"
"11.07.2024","00:48:19 - 00:49:23","electron","en-US.json (Index) (en-US.json) — feefty","ddddddddffd<META + ←>git mocmit -m 'sdfsdf'<META + ←>gi tlog<META + ←><META + I><META + G>t cmomi t<META + ←>lg←it gol⏎qgit pus horign 3200←←←←devleop←←←←←←←←←←←←←3200<META + TAB>"
"11.07.2024","00:49:23 - 00:49:24","special:null","Create userVerification for existing users · Issue #3200 · Feefty/feefty","<TAB>"
"11.07.2024","00:49:24 - 00:49:34","electron","en-US.json (Index) (en-US.json) — feefty","←git oc←←ad ← d.<META + ←>git ocmimt <META + TAB>"
"11.07.2024","00:49:34 - 00:49:35","special:null","Create userVerification for existing users · Issue #3200 · Feefty/feefty","<META + TAB>"
"11.07.2024","00:49:35 - 00:49:59","electron","en-US.json (Index) (en-US.json) — feefty","<TAB>"
"11.07.2024","00:49:59 - 00:50:00","special:null","Create userVerification for existing users · Issue #3200 · Feefty/feefty","<META + TAB>"
"11.07.2024","00:50:00 - 00:52:06","electron","en-US.json (Index) (en-US.json) — feefty","<META + ←>igt lgo⏎<META + TAB>"
"11.07.2024","00:52:59 - 00:54:21","special:null","refactor: #3401 remove gearing from product to price model by GiovanniColonni · Pull Request #3402 · Feefty/feefty","3200<DOWN><META + TAB>"
"11.07.2024","00:54:21 - 00:54:22","electron","en-US.json (Index) (en-US.json) — feefty","<META + TAB>"
"11.07.2024","00:54:22 - 00:54:24","special:null","refactor: #3401 remove gearing from product to price model by GiovanniColonni · Pull Request #3402 · Feefty/feefty","<META + TAB>"
"11.07.2024","00:54:24 - 00:54:38","electron","en-US.json (Index) (en-US.json) — feefty","q<META + TAB>"
"11.07.2024","00:54:38 - 00:54:39","special:null","refactor: #3401 remove gearing from product to price model by GiovanniColonni · Pull Request #3402 · Feefty/feefty","<TAB>"
"11.07.2024","00:54:39 - 00:54:40","electron","en-US.json (Index) (en-US.json) — feefty","<TAB>"
"11.07.2024","00:54:40 - 00:54:41","special:null","refactor: #3401 remove gearing from product to price model by GiovanniColonni · Pull Request #3402 · Feefty/feefty","<TAB>"
"11.07.2024","00:54:41 - 00:54:44","electron","en-US.json (Index) (en-US.json) — feefty","<META + TAB>"
"11.07.2024","00:54:44 - 00:55:00","special:null","refactor: #3401 remove gearing from product to price model by GiovanniColonni · Pull Request #3402 · Feefty/feefty","<TAB>"
"11.07.2024","00:55:00 - 00:55:01","electron","en-US.json (Index) (en-US.json) — feefty","<META + TAB>"
"11.07.2024","00:55:01 - 00:55:01","special:null","refactor: #3401 remove gearing from product to price model by GiovanniColonni · Pull Request #3402 · Feefty/feefty","<CTRL + TAB><CTRL + TAB><CTRL + TAB>"
"11.07.2024","00:55:01 - 00:55:02","special:null","remove gearing from product to price model · Issue #3401 · Feefty/feefty","<TAB><TAB>"
"11.07.2024","00:55:02 - 00:55:06","special:null","Create INITIAL Verification for Organizations with none · Issue #3375 · Feefty/feefty","<TAB><TAB><TAB><TAB>"
"11.07.2024","00:55:34 - 00:56:27","special:null","Git - git Documentation","tig cherry pcik⏎"
"11.07.2024","00:56:27 - 00:56:44","special:null","Git - git-cherry-pick Documentation","<META + TAB>"
"11.07.2024","00:56:44 - 00:56:47","electron","en-US.json (Index) (en-US.json) — feefty","<META + TAB>"
"11.07.2024","00:56:47 - 00:57:34","special:null","Git - git-cherry-pick Documentation","<DOWN><DOWN><DOWN><DOWN><DOWN><DOWN><DOWN><DOWN><DOWN><DOWN><DOWN><DOWN><DOWN><DOWN><DOWN><DOWN><DOWN><DOWN><DOWN><DOWN><DOWN><DOWN><DOWN><DOWN><DOWN><DOWN><DOWN><DOWN><DOWN><DOWN><DOWN><DOWN><DOWN><DOWN><DOWN><DOWN><DOWN><DOWN><DOWN><DOWN><DOWN><DOWN><DOWN><DOWN><DOWN><DOWN><DOWN><DOWN><DOWN><DOWN><DOWN><DOWN><DOWN><DOWN><DOWN><DOWN><DOWN><DOWN><DOWN><DOWN><DOWN><DOWN><DOWN><DOWN><DOWN><DOWN><DOWN><DOWN><DOWN><DOWN><DOWN><DOWN><DOWN><DOWN><DOWN><DOWN><DOWN><DOWN><DOWN><DOWN><DOWN><DOWN><DOWN><DOWN><DOWN><DOWN><DOWN><DOWN><DOWN><DOWN><DOWN><DOWN><DOWN><DOWN><DOWN><DOWN><UP><UP><UP><UP><UP><UP><UP><UP><UP><UP><UP><UP><UP><UP><UP><UP><UP><UP><UP><UP><UP><UP><UP><UP><DOWN><DOWN><DOWN><DOWN><DOWN><DOWN><DOWN><DOWN><DOWN><UP><UP><DOWN><UP><DOWN><DOWN><DOWN><DOWN><DOWN><DOWN><DOWN><DOWN><DOWN><DOWN><DOWN><DOWN><DOWN><UP><UP><UP><UP><UP><TAB>"
"11.07.2024","00:57:34 - 00:59:34","electron","en-US.json (Index) (en-US.json) — feefty","git bracnh⏎⏎⏎⏎⏎⏎⏎⏎⏎⏎⏎⏎⏎⏎⏎⏎⏎qgit crb←an hc0D←-←←-d←D 2290<META + ←>g tichekcout -b=←←←-b ←←←← stgaing←←←←←←←b-<ALT + ←><ALT + ←><ALT + ←><ALT + ←>git chekcou tmian\⏎←←gti chcekuot  b-3200<META + ←><META + ←><TAB>"
"11.07.2024","00:59:34 - 00:59:38","special:null","Git - git-cherry-pick Documentation","<TAB>"
"11.07.2024","00:59:38 - 01:00:51","electron","en-US.json (Index) (en-US.json) — feefty","<TAB><TAB>"
"11.07.2024","01:00:51 - 01:08:35","skype","Skype","I dont rty toc atchu pt hat⏎wil liwthdardw ←←←←←←dra wno⏎w<META + TAB>yeah <META + TAB><META + TAB>yeahyeha got  alettre⏎<META + TAB>I se⏎e<META + TAB>"
"11.07.2024","01:08:35 - 01:08:36","special:null","Gmail: Private and secure email at no cost | Google Workspace","<META + T>i"
"11.07.2024","01:08:36 - 01:08:48","special:null","New Tab"," ←←←riapdo s← v←ori←←←pire⏎"
"11.07.2024","01:08:48 - 01:08:48","special:null","Translate this page?","c"
"11.07.2024","01:08:49 - 01:08:53","special:null","airpods prie - Google Search","⏎"
"11.07.2024","01:10:35 - 01:10:35","special:null","Gmail: Private and secure email at no cost | Google Workspace","m"
"11.07.2024","01:10:35 - 01:12:47","special:null","New Tab","abco korpiec⏎"
"11.07.2024","01:12:47 - 01:12:56","special:null","macbook price - Google Search","mia csolana⏎"
"11.07.2024","01:12:56 - 01:13:17","special:null","imac solana - Google Search","si←oonma⏎"
"11.07.2024","01:13:17 - 01:13:30","special:null","imac sonoma - Google Search","silcon←←←<DOWN><DOWN>⏎"
"11.07.2024","01:13:30 - 01:29:34","special:null","imac silicon - Google Search"," irpc⏎e"
"11.07.2024","01:29:34 - 01:30:04","electron","Profile.jsx — feefty","<META + TAB>"
"11.07.2024","01:30:04 - 01:31:26","special:null","KYC renewal fixes review · Issue #3268 · Feefty/feefty","<META + TAB><TAB><META + R>"
"11.07.2024","01:31:26 - 01:31:36","special:null","git commands - Google Search","<META + TAB><META + TAB><META + TAB><META + TAB><META + TAB><META + TAB><META + TAB><META + TAB><META + TAB>"
"11.07.2024","01:31:55 - 01:32:04","electron","WithAppbar.jsx — feefty","<META + TAB>"
"11.07.2024","01:32:04 - 01:34:16","special:null","New Tab","Whta i sthe ddi←←←idfferenct between jsx and js iner act⏎"
"11.07.2024","01:34:16 - 01:34:28","special:null","What is the differenct between jsx and js in react - Google Search","<TAB>"
"11.07.2024","01:34:28 - 01:34:28","electron","PublicLayout.jsx — feefty","<TAB>"
"11.07.2024","01:34:28 - 01:34:29","special:null","What is the differenct between jsx and js in react - Google Search","<TAB>"
"11.07.2024","01:34:29 - 01:34:56","electron","PublicLayout.jsx — feefty","<META + TAB><TAB><META + TAB>"
"11.07.2024","01:34:56 - 03:02:27","finder",".git","<META + TAB><META + TAB><META + TAB><META + TAB><META + TAB><META + TAB><META + TAB><META + TAB><META + TAB>"
"11.07.2024","03:02:27 - 03:02:44","slack","Marc-Antoine Fonné (DM) - Feefty - Slack","<META + TAB>"
"11.07.2024","03:02:44 - 03:03:25","electron","RenewalKycVerification.jsx (Working Tree) (RenewalKycVerification.jsx) — feefty","<META + Z><META + Z><META + Z>"
"11.07.2024","03:03:25 - 03:04:51","electron","index.jsx — feefty","<CTRL + TAB><META + P>verifica<META + ←>kycver<DOWN>⏎"
"11.07.2024","03:04:51 - 03:05:41","electron","FirstKycVerification.jsx — feefty","<META + F>localstorage⏎<META + C>"
"11.07.2024","03:05:41 - 03:05:44","electron","Step1.jsx — feefty","<META + F><META + V><ESC>"
"11.07.2024","03:05:44 - 03:05:47","electron","Step2.jsx — feefty","<META + F><META + V><ESC>"
"11.07.2024","03:05:47 - 03:05:50","electron","Step3.jsx — feefty","<META + F><META + V><ESC><META + F><META + V>"
"11.07.2024","03:05:50 - 03:08:42","electron","Step4.jsx — feefty","<ESC><META + F><ALT + LEFT><ALT + LEFT><ALT + LEFT><ALT + RIGHT><ALT + RIGHT><ALT + LEFT><ALT + LEFT><ALT + LEFT>←JSO<META + Z><META + Z><ALT + LEFT><LEFT><ALT + LEFT><ALT + LEFT>←`<ALT + RIGHT><ALT + RIGHT><LEFT>←`<ALT + LEFT><ALT + LEFT>4[verifi⏎.id[←]-<META + S><CTRL + TAB>"
"11.07.2024","03:08:42 - 03:08:46","electron","Step3.jsx — feefty","<CTRL + TAB>"
"11.07.2024","03:08:46 - 03:11:04","electron","FirstKycVerification.jsx — feefty","←`<ALT + RIGHT><RIGHT>←`<ALT + LEFT><ALT + LEFT>4[ <LEFT>ver⏎.id]-<RIGHT>←<META + S><META + X><META + DOT>⏎<ALT + RIGHT><ALT + RIGHT><META + Z><LEFT><ALT + RIGHT>, ver⏎<META + Z><META + Z><META + Z><META + Z><DOWN><LEFT><LEFT><LEFT>, verifi⏎<META + S><META + C><META + F><META + V><ESC><META + SHIFT + F>"
"11.07.2024","03:11:04 - 03:11:04","electron","RenewalKycVerification.jsx — feefty","<META + TAB>"
"11.07.2024","03:11:04 - 03:11:06","finder",".git","<META + TAB><META + TAB><META + TAB>"
"11.07.2024","03:11:41 - 03:11:46","slack","Marc-Antoine Fonné (DM) - Feefty - Slack","<META + TAB>"
"11.07.2024","03:11:46 - 03:12:31","electron","RenewalKycVerification.jsx — feefty","←`<ALT + RIGHT><ALT + RIGHT><RIGHT>←`<ALT + LEFT><ALT + LEFT><ALT + LEFT><ALT + RIGHT><ALT + ←>v=4←←←4[veri⏎.id]<RIGHT><RIGHT><META + S><DOWN><DOWN><DOWN><LEFT><LEFT><LEFT>, verifi⏎.←<ESC><ESC><META + S>"
"11.07.2024","03:12:31 - 03:14:11","electron","Step3.jsx — feefty","←`<ALT + RIGHT><ALT + RIGHT><ALT + RIGHT><LEFT>←`<ALT + LEFT><ALT + LEFT><ALT + LEFT>4[verifi⏎.id[←]<SHIFT + RIGHT><SHIFT + RIGHT><SHIFT + RIGHT><SHIFT + RIGHT><SHIFT + RIGHT><SHIFT + RIGHT><SHIFT + RIGHT>←<RIGHT><RIGHT><RIGHT><META + S>"
"11.07.2024","03:14:11 - 03:14:22","electron","RenewalKycVerification.jsx — feefty","<META + TAB>"
"11.07.2024","03:14:22 - 03:14:23","slack","Marc-Antoine Fonné (DM) - Feefty - Slack","<META + TAB>"
"11.07.2024","03:14:23 - 03:14:24","electron","RenewalKycVerification.jsx — feefty","<META + TAB>"
"11.07.2024","03:14:24 - 03:21:30","slack","Marc-Antoine Fonné (DM) - Feefty - Slack","<META + TAB>"
"11.07.2024","03:21:30 - 03:21:31","electron","RenewalKycVerification.jsx — feefty","<DOWN><DOWN><DOWN>"
"11.07.2024","03:21:31 - 03:21:53","electron","Step3.jsx — feefty","<UP><UP>"
"11.07.2024","03:21:53 - 03:21:54","electron","RenewalKycVerification.jsx — feefty","<META + TAB>"
"11.07.2024","03:21:54 - 03:21:57","slack","Marc-Antoine Fonné (DM) - Feefty - Slack","<META + TAB>"
"11.07.2024","03:21:57 - 03:23:01","electron","RenewalKycVerification.jsx — feefty","<META + TAB>"
"11.07.2024","03:23:01 - 03:23:13","slack","Marc-Antoine Fonné (DM) - Feefty - Slack","<META + TAB>"
"11.07.2024","03:23:13 - 03:23:14","electron","RenewalKycVerification.jsx — feefty","<META + TAB>"
"11.07.2024","03:23:14 - 03:23:15","slack","Marc-Antoine Fonné (DM) - Feefty - Slack","<META + TAB><META + TAB><META + TAB><META + TAB>"
"11.07.2024","03:23:15 - 03:23:24","finder",".git","<TAB><META + TAB><META + TAB>"
"11.07.2024","03:23:24 - 03:23:30","google chrome","Inbox - npopadic93@gmail.com - Gmail","<META + GRAVE><META + GRAVE>"
"11.07.2024","03:23:30 - 03:23:31","google chrome","What is the differenct between jsx and js in react - Google Search","<META + GRAVE><META + GRAVE><META + GRAVE>"
"11.07.2024","03:23:31 - 03:23:32","google chrome","Inbox - npopadic93@gmail.com - Gmail","<GRAVE>"
"11.07.2024","03:25:52 - 03:29:56","google chrome","Verification renewal","<META + R><META + TAB>"
"11.07.2024","03:29:56 - 03:29:57","telegram","Adrian Hurimiuc @ Phong Ho","<META + TAB>"
"11.07.2024","03:29:57 - 03:29:58","google chrome","Verification renewal","<META + TAB><META + TAB>"
"11.07.2024","03:29:58 - 03:29:58","slack","Marc-Antoine Fonné (DM) - Feefty - Slack","<META + TAB>"
"11.07.2024","03:29:58 - 03:30:12","google chrome","Verification renewal","<META + TAB>"
"11.07.2024","03:30:12 - 03:31:40","electron","RenewalKycVerification.jsx — feefty","<META + TAB>"
"11.07.2024","03:31:40 - 03:31:42","google chrome","KYC renewal fixes review · Issue #3268 · Feefty/feefty","<META + TAB>"
"11.07.2024","03:31:42 - 03:31:46","electron","RenewalKycVerification.jsx — feefty","<META + P>updatekycsi⏎"
"11.07.2024","03:31:46 - 03:32:07","electron","updateKycSigner.js — feefty","<META + F>.type<UP><RIGHT><RIGHT><RIGHT><RIGHT><RIGHT><RIGHT><RIGHT><RIGHT><META + TAB>"
"11.07.2024","03:32:07 - 03:32:09","google chrome","KYC renewal fixes review · Issue #3268 · Feefty/feefty","<META + TAB>"
"11.07.2024","03:32:09 - 03:35:40","electron","updateKycSigner.js — feefty","]←\←⏎if91membe⏎<RIGHT> ert←←←return false;<META + F>.type⏎<ESC><UP><META + RIGHT>⏎if91member ←<RIGHT> return ← false;<RIGHT><RIGHT><RIGHT><RIGHT><RIGHT><RIGHT><RIGHT><RIGHT><RIGHT><RIGHT><RIGHT><RIGHT><RIGHT><RIGHT><RIGHT><RIGHT><RIGHT><RIGHT><RIGHT><RIGHT><RIGHT><LEFT><LEFT><LEFT><RIGHT><RIGHT><RIGHT><RIGHT><RIGHT><RIGHT><RIGHT><RIGHT><RIGHT><RIGHT><RIGHT><RIGHT><RIGHT><RIGHT><RIGHT><RIGHT><RIGHT><RIGHT><RIGHT><RIGHT><RIGHT><RIGHT><DOWN><DOWN><DOWN><LEFT><LEFT><LEFT><LEFT><LEFT><LEFT><LEFT><LEFT><META + F>.type⏎⏎⏎⏎⏎⏎⏎⏎⏎⏎<META + S><META + TAB>"
"11.07.2024","03:35:40 - 03:47:09","google chrome","KYC renewal fixes review · Issue #3268 · Feefty/feefty","<ESC><DOWN><DOWN><DOWN><DOWN><DOWN><ESC>"
"11.07.2024","03:47:09 - 03:47:17","electron","updateKycSigner.js — feefty","<META + GRAVE>"
"11.07.2024","03:47:17 - 03:47:17","electron","VerificationList.jsx — admin","<META + GRAVE>"
"11.07.2024","03:47:17 - 03:47:18","electron","updateKycSigner.js — feefty","<GRAVE>"
"11.07.2024","03:47:18 - 03:49:38","electron","VerificationList.jsx — admin","git log⏎qgit checkout develop⏎git pull origin develop⏎<META + P>read⏎"
"11.07.2024","03:49:38 - 03:49:39","electron","README.md (3f90361) ⟷ README.md (2a9d5b9) (README.md (3f90361) ↔ README.md (2a9d5b9)) — admin","<META + P><META + P>ac"
"11.07.2024","03:49:39 - 03:49:44","electron","README.md — admin","<META + Z><META + P>package⏎"
"11.07.2024","03:49:44 - 03:50:29","electron","package.json — admin","<DOWN><DOWN><DOWN><DOWN><DOWN><DOWN><DOWN><DOWN><DOWN><DOWN><DOWN><DOWN><DOWN><DOWN><DOWN><DOWN><UP><UP>yarn core;generate⏎<META + C><META + P><META + V>⏎"
"11.07.2024","03:50:29 - 03:56:14","electron","copyPrismaClients.js — admin","<DOWN><DOWN><DOWN><DOWN><DOWN><DOWN><DOWN><DOWN><DOWN><DOWN>yarn dev⏎<META + TAB><META + TAB><CTRL + C><CTRL + C><CTRL + C>yarn⏎←←ayrn d←←←<META + ←>yarn dev⏎<CTRL + C><CTRL + C><CTRL + C>ls⏎cd ad<TAB>⏎yarn⏎cd ..⏎yarn <META + ←>ls⏎yarn⏎yarn dev⏎<META + P>pac⏎"
"11.07.2024","03:56:14 - 03:57:14","electron","package.json — admin","<CTRL + C><CTRL + C><CTRL + C><CTRL + C><CTRL + C>ls⏎cd ad<TAB>⏎yarn ⏎<META + P>pac<DOWN><DOWN><DOWN>⏎y<META + ←><META + P><DOWN>⏎yarn dev⏎<CTRL + SHIFT + TAB>`<ESC>"
"11.07.2024","03:57:14 - 03:57:15","electron","issuer.js — admin","<META + GRAVE>"
"11.07.2024","03:57:15 - 03:57:16","electron","updateKycSigner.js — feefty","<GRAVE>"
"11.07.2024","03:57:16 - 03:57:56","electron","issuer.js — admin","<META + Z><CTRL + SHIFT + GRAVE>cd<META + ←><META + ←>yarn dev⏎"
"11.07.2024","03:57:56 - 03:57:59","electron","index.js — admin","<META + TAB>"
"11.07.2024","03:57:59 - 07:21:17","google chrome","KYC renewal fixes review · Issue #3268 · Feefty/feefty","<CTRL + META + Q>"
"11.07.2024","07:21:17 - 07:21:31","special:null","New Tab","how to nocnect ipohne o timac⏎"
"11.07.2024","07:21:31 - 07:21:34","special:null","how to connect iphone to imac - Google Search","<META + TAB>"
"11.07.2024","07:22:21 - 07:22:35","special:null","how to connect iphone to imac - Google Search","copy life from⏎"
"11.07.2024","07:22:35 - 07:26:15","special:null","how to copy file from iphone to imac - Google Search","ari⏎iar⏎ai⏎itun←←←←←<ESC>air⏎<META + TAB>"
"11.07.2024","07:26:15 - 07:29:27","finder","mac’s iPhone","ai⏎"
"11.07.2024","07:29:27 - 07:29:29","special:null","How to Transfer Files from iPhone to Mac: Check Our Guide","<META + TAB>"
"11.07.2024","07:29:29 - 07:29:39","finder","AirDrop","<TAB>"
"11.07.2024","07:29:39 - 07:29:46","special:null","How to Transfer Files from iPhone to Mac: Check Our Guide","<META + TAB>"
"11.07.2024","07:29:46 - 07:31:03","finder","AirDrop","wifi⏎"
"11.07.2024","07:31:03 - 08:49:52","special:null","How to Transfer Files from iPhone to Mac: Check Our Guide","<META + TAB><META + Q>"
"11.07.2024","08:49:52 - 08:49:55","special:null","Verification renewal","<META + TAB><META + TAB><META + TAB>"
"11.07.2024","08:49:55 - 08:54:05","electron","index.js — admin","<GRAVE><META + GRAVE><META + GRAVE>"
"11.07.2024","08:54:05 - 08:54:06","electron","updateKycSigner.js — feefty","<META + TAB>"
"11.07.2024","08:54:06 - 08:54:07","special:null","Verification renewal","<META + GRAVE>"
"11.07.2024","08:54:07 - 08:54:13","special:null","Inbox - npopadic93@gmail.com - Gmail","<META + GRAVE><META + GRAVE>"
"11.07.2024","08:54:13 - 08:59:15","special:null","New Tab","<TAB>"
"11.07.2024","08:59:15 - 08:59:15","special:null","(23) Messaging | LinkedIn","ma"
"11.07.2024","08:59:15 - 08:59:35","special:null","New Tab","ndarin⏎"
"11.07.2024","11:41:27 - 11:41:44","special:null","Setup Channels - Devil - Slack","<META + TAB>"
"11.07.2024","11:41:44 - 11:41:45","skype","Skype","<META + TAB>"
"11.07.2024","11:41:45 - 11:41:55","telegram","Adrian Hurimiuc @ Phong Ho","<TAB>"
"11.07.2024","11:41:55 - 11:42:22","special:null","Setup Channels - Devil - Slack","random⏎etst⏎"
"11.07.2024","11:42:22 - 11:52:14","special:null","test (Channel) - Devil - Slack","EF←←fe-q2a←←7a←←←←←←←ef←-dicsuss⏎←←←←←←←←←←←←←Discuss⏎"
"11.07.2024","11:52:14 - 11:52:37","special:null","discuss (Channel) - Devil - 2 new items - Slack","@mon←←←akl<UP>⏎⏎"
"11.07.2024","11:52:37 - 11:58:38","special:null","kalkaudy Lio (DM) - Devil - Slack","⏎"
"11.07.2024","11:58:38 - 11:58:44","special:null","discuss (Channel) - Devil - Slack","<META + TAB>"
"11.07.2024","11:58:44 - 11:58:46","telegram","Adrian Hurimiuc @ Phong Ho","<META + TAB><META + TAB><META + TAB>"
"11.07.2024","11:58:46 - 11:59:51","special:null","discuss (Channel) - Devil - Slack","<META + TAB><TAB><META + TAB><META + TAB><META + TAB><TAB><META + GRAVE>"
"11.07.2024","11:59:51 - 12:00:08","special:null","Book1 - Google Sheets","<META + Z><META + Z><META + Z>Ω<META + Z><META + Z><META + Z><META + Z><META + Z><META + Z>Ω<META + TAB><TAB><META + TAB>"
"11.07.2024","12:00:08 - 12:00:09","telegram","Adrian Hurimiuc @ Phong Ho","<META + C>"
"11.07.2024","12:00:09 - 12:00:22","special:null","Book1 - Google Sheets","<META + V><META + Z><META + V>√<META + Z><LEFT>←⏎<META + TAB>"
"11.07.2024","12:00:22 - 12:00:24","telegram","Adrian Hurimiuc @ Phong Ho","<TAB>"
"11.07.2024","12:00:24 - 13:42:08","special:null","Book1 - Google Sheets","<UP>"
"11.07.2024","13:42:08 - 13:42:14","special:null","New Tab","←←devil avtaa⏎r"
"11.07.2024","13:42:14 - 13:42:33","special:null","devil avatar - Google Search","<TAB>"
"11.07.2024","13:42:33 - 14:00:23","slack","test (Channel) - Devil - Slack","<TAB>"
"11.07.2024","14:00:23 - 14:00:24","special:null","Custom Emoji | Devil Slack","<META + T>"
"11.07.2024","14:00:24 - 14:00:51","special:null","New Tab","ndoej s<META + ←>epxress ocupon⏎"
"11.07.2024","14:00:51 - 14:57:54","special:null","express coupon code - Google Search",".js impelmen t⏎⏎"
"11.07.2024","14:57:54 - 15:00:21","special:null","KYC renewal fixes review · Issue #3268 · Feefty/feefty","<DOWN><DOWN><DOWN><DOWN><DOWN><DOWN><DOWN><DOWN><DOWN><DOWN><DOWN><DOWN><DOWN><DOWN><META + TAB><META + TAB><META + TAB><META + TAB><META + TAB>"
"11.07.2024","15:00:21 - 15:00:22","electron","updateKycSigner.js — feefty","<GRAVE>"
"11.07.2024","15:00:22 - 15:03:46","electron","index.js — admin","<CTRL + C><CTRL + C><CTRL + C>ls⏎"
"11.07.2024","15:03:46 - 15:03:49","electron","schema.prisma — admin","<META + C>"
"11.07.2024","15:03:49 - 15:04:15","electron",".env — admin","<META + F><META + V><UP>←←ynra dve⏎"
"11.07.2024","15:04:15 - 15:04:30","electron","index.js — admin","<ESC>"
"11.07.2024","15:04:30 - 15:06:17","electron","package.json — admin","<CTRL + C><CTRL + C><CTRL + C>yar namngaer;genearte⏎yard nev⏎<CTRL + TAB><CTRL + TAB><CTRL + TAB>"
"11.07.2024","15:06:17 - 15:06:28","electron",".env — admin","<TAB>"
"11.07.2024","15:06:28 - 15:06:54","electron","package.json — admin","<CTRL + C><CTRL + C><CTRL + C>yarn copyPrsima⏎yarn dev⏎<META + TAB>"
"11.07.2024","15:07:16 - 15:07:50","special:null","Login | Admin","<META + C><META + SHIFT + C><META + R><META + TAB>"
"11.07.2024","15:07:50 - 15:08:18","electron","package.json — admin","<META + TAB><META + TAB><META + SHIFT + F>ucrrentUsre⏎"
"11.07.2024","15:08:20 - 15:08:56","electron","index.js — admin","<META + C>.env⏎"
"11.07.2024","15:08:56 - 15:09:05","electron",".env — admin","<META + A>ç<CTRL + TAB>√ß<META + TAB><META + R>"
"11.07.2024","15:09:05 - 15:09:11","special:null","Login | Admin","<META + TAB>"
"11.07.2024","15:09:11 - 15:09:31","electron",".env — admin","C<ALT + C><ALT + C><META + F>admin⏎⏎⏎<ALT + C><ALT + C><ALT + C>ccc<UP>⏎<META + TAB>"
"11.07.2024","15:09:31 - 15:11:17","special:null","Login | Admin","<TAB><TAB><RIGHT>←<ALT + ←>←⏎<TAB>"
"11.07.2024","15:11:17 - 15:11:18","electron",".gitignore — admin","<TAB>"
"11.07.2024","15:11:18 - 15:11:26","special:null","Login | Admin","<TAB>"
"11.07.2024","15:11:26 - 15:11:30","electron",".gitignore — admin","<TAB>"
"11.07.2024","15:11:30 - 15:11:38","special:null","Login | Admin","<META + TAB>"
"11.07.2024","15:11:38 - 15:11:41","electron",".gitignore — admin","<META + X>"
"11.07.2024","15:11:41 - 15:11:51","electron",".env — admin","√<CTRL + C><CTRL + C><CTRL + C><CTRL + C><CTRL + UP>⏎<TAB>"
"11.07.2024","15:11:51 - 15:16:01","special:null","Login | Admin","<META + R>"
"11.07.2024","15:16:01 - 15:16:05","special:null","Phong Ho | Verifications | Admin","<TAB><TAB><TAB>"
"11.07.2024","15:16:05 - 15:16:13","electron",".env — admin","<META + P>veirfitacioniofnrma⏎"
"11.07.2024","15:16:13 - 15:16:39","electron","VerificationInformations.jsx — admin","<META + F>otehr mem<ESC><UP><UP><UP><DOWN><META + TAB>"
"11.07.2024","15:16:39 - 15:16:40","special:null","KYC renewal fixes review · Issue #3268 · Feefty/feefty","<META + TAB>"
"11.07.2024","15:16:40 - 15:17:18","electron","VerificationInformations.jsx — admin","<META + X>ß←←←←<META + ←><META + ←>←<DOWN><DOWN><DOWN><DOWN><DOWN><DOWN><DOWN><DOWN><DOWN><DOWN><DOWN><DOWN><DOWN><DOWN><DOWN><DOWN><DOWN><DOWN><DOWN><DOWN><DOWN>≈<META + S>ß<META + S><TAB><META + TAB>"
"11.07.2024","15:17:18 - 15:17:21","notes","New Note","<TAB><META + TAB>"
"11.07.2024","15:17:23 - 15:17:43","special:null","Phong Ho | Verifications | Admin","®<ALT + TAB><ALT + TAB><META + TAB><TAB><META + TAB><META + F>"
"11.07.2024","15:17:43 - 15:18:28","electron","VerificationInformations.jsx — admin","managres<ESC><UP><UP><UP><DOWN><RIGHT><LEFT><LEFT><LEFT><LEFT><LEFT><LEFT><LEFT><LEFT><LEFT><LEFT><LEFT><ALT + SHIFT + RIGHT><ALT + SHIFT + RIGHT><ALT + SHIFT + RIGHT><ALT + SHIFT + RIGHT><ALT + SHIFT + RIGHT><ALT + SHIFT + RIGHT><ALT + SHIFT + RIGHT><ALT + SHIFT + RIGHT><ALT + SHIFT + RIGHT><ALT + SHIFT + RIGHT>←ßß≈ß<META + TAB><META + TAB>"
"11.07.2024","15:18:28 - 15:18:32","special:null","Phong Ho | Verifications | Admin","<TAB>"
"11.07.2024","15:18:32 - 15:18:37","electron","VerificationInformations.jsx — admin","<META + TAB>"
"11.07.2024","15:18:37 - 15:18:49","special:null","New Tab","l<RIGHT>⏎"
"11.07.2024","15:18:49 - 15:19:09","special:null","Verification renewal","<META + C><META + C><META + R><META + C>"
"11.07.2024","15:19:09 - 15:19:40","special:null","Phong Ho | Verifications | Admin","√⏎<TAB>"
"11.07.2024","15:19:40 - 15:19:57","electron","VerificationInformations.jsx — admin","<META + F>managers"
"11.07.2024","15:19:57 - 15:20:18","electron","VerificationView.jsx — admin","<META + C><META + F><META + V><META + C><META + F><META + V>"
"11.07.2024","15:20:18 - 15:20:48","electron","verification.js — admin","<META + C><META + P><META + V>⏎<META + F>.gte9'/'<META + TAB>"
"11.07.2024","15:20:48 - 15:20:50","special:null","Phong Ho | Verifications | Admin","<META + TAB>"
"11.07.2024","15:20:50 - 15:22:47","electron","verification.js — admin","<META + TAB>"
"11.07.2024","15:22:47 - 15:22:48","special:null","Verification renewal","<META + TAB>"
"11.07.2024","15:22:48 - 15:22:51","electron","verification.js — admin","<GRAVE>"
"11.07.2024","15:22:51 - 15:22:57","electron","updateKycSigner.js — feefty","<META + P>kycver<DOWN><DOWN>⏎"
"11.07.2024","15:22:57 - 15:22:58","electron","RenewalKycVerification.jsx — feefty","<META + TAB>"
"11.07.2024","15:22:58 - 15:23:03","special:null","Verification renewal","<TAB>"
"11.07.2024","15:23:03 - 15:23:04","electron","Step3.jsx — feefty","<TAB>"
"11.07.2024","15:23:04 - 15:23:10","special:null","Verification renewal","<META + TAB>"
"11.07.2024","15:23:10 - 15:23:56","electron","Step3.jsx — feefty","⏎consoel.log9'zzz'., ←← vefiri⏎ß<TAB><TAB><TAB>"
"11.07.2024","15:23:56 - 15:23:59","special:null","Verification renewal","<META + TAB>"
"11.07.2024","15:23:59 - 15:24:11","electron","Step3.jsx — feefty","<TAB>"
"11.07.2024","15:24:11 - 15:24:41","special:null","Verification renewal","<META + TAB>"
"11.07.2024","15:24:41 - 15:25:01","electron","Step3.jsx — feefty","<META + TAB>"
"11.07.2024","15:25:01 - 15:25:32","special:null","Phong Ho | Verifications | Admin","<META + TAB>"
"11.07.2024","15:25:32 - 15:25:51","electron","Step3.jsx — feefty","<META + C><META + F><META + V><META + P>upadte<DOWN>⏎<META + F>"
"11.07.2024","15:25:51 - 15:27:01","electron","updateKycMembers.js — feefty","oethremmrebs⏎⏎<TAB>"
"11.07.2024","15:27:01 - 15:27:02","special:null","KYC renewal fixes review · Issue #3268 · Feefty/feefty","<TAB>"
"11.07.2024","15:27:02 - 15:27:04","electron","updateKycMembers.js — feefty","<META + GRAVE>"
"11.07.2024","15:27:04 - 15:27:13","electron","verification.js — admin","<TAB><CTRL + TAB><CTRL + TAB>"
"11.07.2024","15:27:13 - 15:27:22","electron","RelatedPersons.jsx — admin","<META + TAB>"
"11.07.2024","15:27:22 - 15:27:24","special:null","KYC renewal fixes review · Issue #3268 · Feefty/feefty","<META + TAB>"
"11.07.2024","15:27:27 - 15:28:13","electron","externalPerson.js — admin","ç<META + P>exteranlpre⏎<META + F><META + V><TAB><META + TAB>"
"11.07.2024","15:28:13 - 15:28:23","special:null","Phong Ho | Verifications | Admin","<TAB>"
"11.07.2024","15:28:23 - 15:28:26","electron","externalPerson.js — admin","<META + C><META + P>shcema⏎<META + F><META + V>"
"11.07.2024","15:28:26 - 15:28:44","electron","schema.prisma — admin","<META + F>sginer⏎<META + TAB>"
"11.07.2024","15:28:44 - 15:32:29","special:null","KYC renewal fixes review · Issue #3268 · Feefty/feefty","<TAB>"
"11.07.2024","15:32:29 - 15:34:05","special:null","Phong Ho | Verifications | Admin","<TAB><META + TAB>"
"11.07.2024","15:34:05 - 15:34:08","electron","schema.prisma — admin","<TAB><GRAVE>"
"11.07.2024","15:34:08 - 15:34:19","electron","updateKycMembers.js — feefty","<META + P><META + S><META + H><META + C>ema<DOWN>⏎<META + TAB>"
"11.07.2024","15:34:19 - 15:34:20","special:null","Phong Ho | Verifications | Admin","ç<META + TAB>"
"11.07.2024","15:34:20 - 15:34:40","electron","schema.prisma — feefty","<META + F><META + V><META + C><META + GRAVE>"
"11.07.2024","15:34:40 - 15:34:56","electron","schema.prisma — admin","<META + V><META + S><META + P><META + P>ca⏎"
"11.07.2024","15:34:56 - 15:35:08","electron","package.json — admin","<CTRL + SHIFT + GRAVE>yar ncroe;generate⏎<TAB>"
"11.07.2024","15:35:08 - 15:35:18","special:null","Phong Ho | Verifications | Admin","<META + C><TAB>"
"11.07.2024","15:35:18 - 15:35:21","electron","package.json — admin","<CTRL + TAB><META + F><META + V>"
"11.07.2024","15:35:21 - 15:36:08","electron","schema.prisma — admin","<CTRL + C><CTRL + C><CTRL + C><UP>⏎<CTRL + C><CTRL + C><CTRL + C><CTRL + C><CTRL + UP>⏎<META + TAB>"
"11.07.2024","15:36:08 - 15:36:16","special:null","Phong Ho | Verifications | Admin","ç<META + TAB>"
"11.07.2024","15:36:16 - 15:36:26","electron","schema.prisma (Working Tree) (schema.prisma) — admin","ƒ<META + V><CTRL + TAB><CTRL + TAB>"
"11.07.2024","15:36:26 - 15:36:53","electron","package.json — admin","<UP>←←←←←←←←←←←←←cpoyPrisma⏎<META + TAB>"
"11.07.2024","15:36:53 - 15:37:13","special:null","Phong Ho | Organizations | Admin","®<META + TAB>"
"11.07.2024","15:37:13 - 15:37:23","electron","package.json — admin","<META + P>orga⏎<TAB>"
"11.07.2024","15:37:23 - 15:37:29","special:null","Phong Ho | Organizations | Admin","<META + TAB>"
"11.07.2024","15:37:29 - 15:37:30","electron","organization.js — admin","<META + TAB>"
"11.07.2024","15:37:30 - 15:37:58","special:null","Phong Ho | Organizations | Admin","<META + SHIFT + C><META + SHIFT + C><META + R><TAB>"
"11.07.2024","15:37:58 - 15:38:08","electron","organization.js — admin","<META + SHIFT + F><META + P>mebmers⏎"
"11.07.2024","15:38:11 - 15:39:20","electron","queries.jsx — admin","<META + P>veirfi<META + ⏎><META + F>comp"
"11.07.2024","15:39:20 - 15:40:20","electron","verification.js — admin","leted<META + TAB>"
"11.07.2024","15:40:20 - 15:40:21","special:null","Phong Ho | Organizations | Admin","<TAB>"
"11.07.2024","15:40:21 - 15:40:38","electron","verification.js — admin","<CTRL + TAB><TAB><CTRL + TAB><CTRL + TAB>"
"11.07.2024","15:40:38 - 15:40:53","electron","queries.jsx — admin","<CTRL + TAB>"
"11.07.2024","15:40:53 - 15:40:54","electron","verification.js — admin","<TAB>"
"11.07.2024","15:40:54 - 15:40:55","electron","queries.jsx — admin","<CTRL + TAB><TAB>"
"11.07.2024","22:23:12 - 22:23:16","slack","dev (Channel) - Feefty - Slack","visu⏎"
"11.07.2024","22:23:16 - 22:23:44","electron","schema.prisma — feefty","google⏎"
"11.07.2024","22:23:44 - 22:23:46","special:null","Inbox - phong.towork@gmail.com - Gmail","<META + GRAVE>"
"11.07.2024","22:23:46 - 22:24:16","special:null","Book1 - Google Sheets","<GRAVE><META + GRAVE><META + GRAVE>"
"11.07.2024","22:24:22 - 22:24:23","special:null","KYC renewal fixes review · Issue #3268 · Feefty/feefty","<META + TAB>"
"11.07.2024","22:25:11 - 22:25:18","electron",".env — admin","πigtig⏎"
"11.07.2024","22:25:18 - 23:02:52","electron",".gitignore — admin","<META + P><META + G>itgin<DOWN><DOWN><DOWN>⏎<DOWN><DOWN><DOWN><DOWN><DOWN><DOWN><DOWN><DOWN><DOWN><DOWN><TAB>"
"11.07.2024","23:02:52 - 23:02:58","special:null","Inbox - phong.towork@gmail.com - Gmail","<META + GRAVE>"
"11.07.2024","23:02:58 - 23:09:33","special:null","Book1 - Google Sheets","<META + F>tang⏎⏎<ESC><META + F>39⏎⏎⏎⏎⏎⏎⏎⏎⏎⏎⏎⏎⏎⏎⏎⏎⏎⏎⏎⏎⏎⏎⏎⏎⏎⏎⏎ƒ93⏎⏎⏎⏎⏎⏎⏎⏎⏎⏎⏎⏎⏎⏎⏎⏎⏎⏎⏎⏎<META + R><META + T>"
"11.07.2024","23:09:33 - 23:15:36","special:null","New Tab","waht is npx⏎"
"11.07.2024","23:15:36 - 23:20:45","special:null","Book1 - Google Sheets"," / P@ssw0rd123←3ƒ0763⏎⏎⏎⏎"
"11.07.2024","23:20:45 - 23:20:47","special:null","Email verification code: 114050 - gjonathan93113@gmail.com - Gmail","<META + GRAVE>"
"11.07.2024","23:20:47 - 23:29:52","special:null","Book1 - Google Sheets","<META + F><META + A><META + C><META + ⏎>"
"11.07.2024","23:29:52 - 23:30:18","slack","New message - Devil - Slack","bracvvev←←←v←←e ←.apd←←←←←barev.apnda.po@mag←←amil.ocm⏎⏎"
